<?xml version="1.0" encoding="UTF-8"?>
<beans xmlns="http://www.springframework.org/schema/beans"
       xmlns:xsi="http://www.w3.org/2001/XMLSchema-instance"
       xmlns:util="http://www.springframework.org/schema/util"
       xmlns:context="http://www.springframework.org/schema/context"
       xmlns:p="http://www.springframework.org/schema/p"
       
       xsi:schemaLocation="http://www.springframework.org/schema/beans classpath:./spring/spring-beans.xsd
          http://www.springframework.org/schema/context classpath:./spring/spring-context.xsd   
">  
  <bean id="hrrr.gribRootFolder" class="java.io.File">
    <constructor-arg value="G:\tests\data\hrrr\grib"/>
  </bean>
  <bean id="hrrr.netCdfRootFolder" class="java.io.File">
    <constructor-arg value="G:\tests\data\hrrr\netcdf"/>
  </bean>
  <bean id="hrrr.degribExe" class="java.io.File">
    <constructor-arg value="C:\\ndfd\\degrib\\bin\\degrib.exe"/>
  </bean>
  <context:component-scan base-package="titans.hrrr"/>
</beans>
