<?xml version="1.0" encoding="UTF-8"?>
<beans xmlns="http://www.springframework.org/schema/beans"
       xmlns:xsi="http://www.w3.org/2001/XMLSchema-instance"
       xmlns:util="http://www.springframework.org/schema/util"
       xmlns:context="http://www.springframework.org/schema/context"
       xmlns:mvc="http://www.springframework.org/schema/mvc"
       xmlns:p="http://www.springframework.org/schema/p"
       
       xsi:schemaLocation="http://www.springframework.org/schema/beans classpath:spring/spring-beans.xsd
          http://www.springframework.org/schema/mvc classpath:spring/spring-mvc.xsd       
          http://www.springframework.org/schema/util classpath:spring/spring-util.xsd    
          http://www.springframework.org/schema/context classpath:spring/spring-context.xsd   
">  
  
  <mvc:annotation-driven/> 
  <context:component-scan base-package="rm.titansdata.web"/>
    
  <bean id="urlMapping" class="org.springframework.web.servlet.handler.SimpleUrlHandlerMapping">
    <property name="mappings">
      <props>  
        <prop key="index.htm">indexController</prop>    
      </props>  
    </property>
  </bean>
  
  
  <bean id="viewResolver"
        class="org.springframework.web.servlet.view.InternalResourceViewResolver"
        p:prefix="/WEB-INF/jsp/"
        p:suffix=".jsp" />

  
  <bean name="indexController"
        class="org.springframework.web.servlet.mvc.ParameterizableViewController"
        p:viewName="index" />
  
</beans>
