<?xml version="1.0" encoding="UTF-8"?>
<ListBucketResult xmlns="http://s3.amazonaws.com/doc/2006-03-01/">
  <Name>noaa-goes18</Name>
  <Prefix></Prefix>
  <KeyCount>90</KeyCount>
  <MaxKeys>1000</MaxKeys>
  <Delimiter>/</Delimiter>
  <IsTruncated>false</IsTruncated>
  <Contents>
    <Key>index.html</Key>
    <LastModified>2021-09-27T19:48:16.000Z</LastModified>
    <ETag>&quot;3b4b4277037c1127ed4ba68e26461b2e&quot;</ETag>
    <Size>32357</Size>
    <StorageClass>STANDARD</StorageClass>
  </Contents>
  <CommonPrefixes>
    <Prefix>ABI-L1b-RadC/</Prefix>
  </CommonPrefixes>
  <CommonPrefixes>
    <Prefix>ABI-L1b-RadF/</Prefix>
  </CommonPrefixes>
  <CommonPrefixes>
    <Prefix>ABI-L1b-RadM/</Prefix>
  </CommonPrefixes>
  <CommonPrefixes>
    <Prefix>ABI-L2-ACHAC/</Prefix>
  </CommonPrefixes>
  <CommonPrefixes>
    <Prefix>ABI-L2-ACHAF/</Prefix>
  </CommonPrefixes>
  <CommonPrefixes>
    <Prefix>ABI-L2-ACHAM/</Prefix>
  </CommonPrefixes>
  <CommonPrefixes>
    <Prefix>ABI-L2-ACHTF/</Prefix>
  </CommonPrefixes>
  <CommonPrefixes>
    <Prefix>ABI-L2-ACHTM/</Prefix>
  </CommonPrefixes>
  <CommonPrefixes>
    <Prefix>ABI-L2-ACMC/</Prefix>
  </CommonPrefixes>
  <CommonPrefixes>
    <Prefix>ABI-L2-ACMF/</Prefix>
  </CommonPrefixes>
  <CommonPrefixes>
    <Prefix>ABI-L2-ACMM/</Prefix>
  </CommonPrefixes>
  <CommonPrefixes>
    <Prefix>ABI-L2-ACTPC/</Prefix>
  </CommonPrefixes>
  <CommonPrefixes>
    <Prefix>ABI-L2-ACTPF/</Prefix>
  </CommonPrefixes>
  <CommonPrefixes>
    <Prefix>ABI-L2-ACTPM/</Prefix>
  </CommonPrefixes>
  <CommonPrefixes>
    <Prefix>ABI-L2-ADPC/</Prefix>
  </CommonPrefixes>
  <CommonPrefixes>
    <Prefix>ABI-L2-ADPF/</Prefix>
  </CommonPrefixes>
  <CommonPrefixes>
    <Prefix>ABI-L2-ADPM/</Prefix>
  </CommonPrefixes>
  <CommonPrefixes>
    <Prefix>ABI-L2-AICEF/</Prefix>
  </CommonPrefixes>
  <CommonPrefixes>
    <Prefix>ABI-L2-AITAF/</Prefix>
  </CommonPrefixes>
  <CommonPrefixes>
    <Prefix>ABI-L2-AODC/</Prefix>
  </CommonPrefixes>
  <CommonPrefixes>
    <Prefix>ABI-L2-AODF/</Prefix>
  </CommonPrefixes>
  <CommonPrefixes>
    <Prefix>ABI-L2-BRFC/</Prefix>
  </CommonPrefixes>
  <CommonPrefixes>
    <Prefix>ABI-L2-BRFF/</Prefix>
  </CommonPrefixes>
  <CommonPrefixes>
    <Prefix>ABI-L2-BRFM/</Prefix>
  </CommonPrefixes>
  <CommonPrefixes>
    <Prefix>ABI-L2-CMIPC/</Prefix>
  </CommonPrefixes>
  <CommonPrefixes>
    <Prefix>ABI-L2-CMIPF/</Prefix>
  </CommonPrefixes>
  <CommonPrefixes>
    <Prefix>ABI-L2-CMIPM/</Prefix>
  </CommonPrefixes>
  <CommonPrefixes>
    <Prefix>ABI-L2-CODC/</Prefix>
  </CommonPrefixes>
  <CommonPrefixes>
    <Prefix>ABI-L2-CODF/</Prefix>
  </CommonPrefixes>
  <CommonPrefixes>
    <Prefix>ABI-L2-CPSC/</Prefix>
  </CommonPrefixes>
  <CommonPrefixes>
    <Prefix>ABI-L2-CPSF/</Prefix>
  </CommonPrefixes>
  <CommonPrefixes>
    <Prefix>ABI-L2-CPSM/</Prefix>
  </CommonPrefixes>
  <CommonPrefixes>
    <Prefix>ABI-L2-CTPC/</Prefix>
  </CommonPrefixes>
  <CommonPrefixes>
    <Prefix>ABI-L2-CTPF/</Prefix>
  </CommonPrefixes>
  <CommonPrefixes>
    <Prefix>ABI-L2-DMWC/</Prefix>
  </CommonPrefixes>
  <CommonPrefixes>
    <Prefix>ABI-L2-DMWF/</Prefix>
  </CommonPrefixes>
  <CommonPrefixes>
    <Prefix>ABI-L2-DMWM/</Prefix>
  </CommonPrefixes>
  <CommonPrefixes>
    <Prefix>ABI-L2-DMWVC/</Prefix>
  </CommonPrefixes>
  <CommonPrefixes>
    <Prefix>ABI-L2-DMWVF/</Prefix>
  </CommonPrefixes>
  <CommonPrefixes>
    <Prefix>ABI-L2-DMWVM/</Prefix>
  </CommonPrefixes>
  <CommonPrefixes>
    <Prefix>ABI-L2-DSIC/</Prefix>
  </CommonPrefixes>
  <CommonPrefixes>
    <Prefix>ABI-L2-DSIF/</Prefix>
  </CommonPrefixes>
  <CommonPrefixes>
    <Prefix>ABI-L2-DSIM/</Prefix>
  </CommonPrefixes>
  <CommonPrefixes>
    <Prefix>ABI-L2-DSRC/</Prefix>
  </CommonPrefixes>
  <CommonPrefixes>
    <Prefix>ABI-L2-DSRF/</Prefix>
  </CommonPrefixes>
  <CommonPrefixes>
    <Prefix>ABI-L2-DSRM/</Prefix>
  </CommonPrefixes>
  <CommonPrefixes>
    <Prefix>ABI-L2-FDCC/</Prefix>
  </CommonPrefixes>
  <CommonPrefixes>
    <Prefix>ABI-L2-FDCF/</Prefix>
  </CommonPrefixes>
  <CommonPrefixes>
    <Prefix>ABI-L2-FDCM/</Prefix>
  </CommonPrefixes>
  <CommonPrefixes>
    <Prefix>ABI-L2-FSCC/</Prefix>
  </CommonPrefixes>
  <CommonPrefixes>
    <Prefix>ABI-L2-FSCF/</Prefix>
  </CommonPrefixes>
  <CommonPrefixes>
    <Prefix>ABI-L2-FSCM/</Prefix>
  </CommonPrefixes>
  <CommonPrefixes>
    <Prefix>ABI-L2-LSAC/</Prefix>
  </CommonPrefixes>
  <CommonPrefixes>
    <Prefix>ABI-L2-LSAF/</Prefix>
  </CommonPrefixes>
  <CommonPrefixes>
    <Prefix>ABI-L2-LSAM/</Prefix>
  </CommonPrefixes>
  <CommonPrefixes>
    <Prefix>ABI-L2-LST2KMF/</Prefix>
  </CommonPrefixes>
  <CommonPrefixes>
    <Prefix>ABI-L2-LSTC/</Prefix>
  </CommonPrefixes>
  <CommonPrefixes>
    <Prefix>ABI-L2-LSTF/</Prefix>
  </CommonPrefixes>
  <CommonPrefixes>
    <Prefix>ABI-L2-LSTM/</Prefix>
  </CommonPrefixes>
  <CommonPrefixes>
    <Prefix>ABI-L2-LVMPC/</Prefix>
  </CommonPrefixes>
  <CommonPrefixes>
    <Prefix>ABI-L2-LVMPF/</Prefix>
  </CommonPrefixes>
  <CommonPrefixes>
    <Prefix>ABI-L2-LVMPM/</Prefix>
  </CommonPrefixes>
  <CommonPrefixes>
    <Prefix>ABI-L2-LVTPC/</Prefix>
  </CommonPrefixes>
  <CommonPrefixes>
    <Prefix>ABI-L2-LVTPF/</Prefix>
  </CommonPrefixes>
  <CommonPrefixes>
    <Prefix>ABI-L2-LVTPM/</Prefix>
  </CommonPrefixes>
  <CommonPrefixes>
    <Prefix>ABI-L2-MCMIPC/</Prefix>
  </CommonPrefixes>
  <CommonPrefixes>
    <Prefix>ABI-L2-MCMIPF/</Prefix>
  </CommonPrefixes>
  <CommonPrefixes>
    <Prefix>ABI-L2-MCMIPM/</Prefix>
  </CommonPrefixes>
  <CommonPrefixes>
    <Prefix>ABI-L2-RRQPEF/</Prefix>
  </CommonPrefixes>
  <CommonPrefixes>
    <Prefix>ABI-L2-RSRC/</Prefix>
  </CommonPrefixes>
  <CommonPrefixes>
    <Prefix>ABI-L2-RSRF/</Prefix>
  </CommonPrefixes>
  <CommonPrefixes>
    <Prefix>ABI-L2-SSTF/</Prefix>
  </CommonPrefixes>
  <CommonPrefixes>
    <Prefix>ABI-L2-TPWC/</Prefix>
  </CommonPrefixes>
  <CommonPrefixes>
    <Prefix>ABI-L2-TPWF/</Prefix>
  </CommonPrefixes>
  <CommonPrefixes>
    <Prefix>ABI-L2-TPWM/</Prefix>
  </CommonPrefixes>
  <CommonPrefixes>
    <Prefix>EXIS-L1b-SFEU/</Prefix>
  </CommonPrefixes>
  <CommonPrefixes>
    <Prefix>EXIS-L1b-SFXR/</Prefix>
  </CommonPrefixes>
  <CommonPrefixes>
    <Prefix>GLM-L2-LCFA/</Prefix>
  </CommonPrefixes>
  <CommonPrefixes>
    <Prefix>MAG-L1b-GEOF/</Prefix>
  </CommonPrefixes>
  <CommonPrefixes>
    <Prefix>SEIS-L1b-EHIS/</Prefix>
  </CommonPrefixes>
  <CommonPrefixes>
    <Prefix>SEIS-L1b-MPSH/</Prefix>
  </CommonPrefixes>
  <CommonPrefixes>
    <Prefix>SEIS-L1b-MPSL/</Prefix>
  </CommonPrefixes>
  <CommonPrefixes>
    <Prefix>SEIS-L1b-SGPS/</Prefix>
  </CommonPrefixes>
  <CommonPrefixes>
    <Prefix>SUVI-L1b-Fe093/</Prefix>
  </CommonPrefixes>
  <CommonPrefixes>
    <Prefix>SUVI-L1b-Fe131/</Prefix>
  </CommonPrefixes>
  <CommonPrefixes>
    <Prefix>SUVI-L1b-Fe171/</Prefix>
  </CommonPrefixes>
  <CommonPrefixes>
    <Prefix>SUVI-L1b-Fe195/</Prefix>
  </CommonPrefixes>
  <CommonPrefixes>
    <Prefix>SUVI-L1b-Fe284/</Prefix>
  </CommonPrefixes>
  <CommonPrefixes>
    <Prefix>SUVI-L1b-He303/</Prefix>
  </CommonPrefixes>
</ListBucketResult>