<?xml version="1.0" encoding="UTF-8"?>
<ListBucketResult xmlns="http://s3.amazonaws.com/doc/2006-03-01/">
<Name>noaa-mrms-pds</Name>
<Prefix>CONUS/</Prefix>
<KeyCount>241</KeyCount>
<MaxKeys>1000</MaxKeys>
<Delimiter>/</Delimiter>
<IsTruncated>false</IsTruncated>
<CommonPrefixes>
<Prefix>CONUS/BREF_1HR_MAX_00.50/</Prefix>
</CommonPrefixes>
<CommonPrefixes>
<Prefix>CONUS/BrightBandBottomHeight_00.00/</Prefix>
</CommonPrefixes>
<CommonPrefixes>
<Prefix>CONUS/BrightBandTopHeight_00.00/</Prefix>
</CommonPrefixes>
<CommonPrefixes>
<Prefix>CONUS/CREF_1HR_MAX_00.50/</Prefix>
</CommonPrefixes>
<CommonPrefixes>
<Prefix>CONUS/EchoTop_18_00.50/</Prefix>
</CommonPrefixes>
<CommonPrefixes>
<Prefix>CONUS/EchoTop_30_00.50/</Prefix>
</CommonPrefixes>
<CommonPrefixes>
<Prefix>CONUS/EchoTop_50_00.50/</Prefix>
</CommonPrefixes>
<CommonPrefixes>
<Prefix>CONUS/EchoTop_60_00.50/</Prefix>
</CommonPrefixes>
<CommonPrefixes>
<Prefix>CONUS/FLASH_CREST_MAXSOILSAT_00.00/</Prefix>
</CommonPrefixes>
<CommonPrefixes>
<Prefix>CONUS/FLASH_CREST_MAXSTREAMFLOW_00.00/</Prefix>
</CommonPrefixes>
<CommonPrefixes>
<Prefix>CONUS/FLASH_CREST_MAXUNITSTREAMFLOW_00.00/</Prefix>
</CommonPrefixes>
<CommonPrefixes>
<Prefix>CONUS/FLASH_HP_MAXSTREAMFLOW_00.00/</Prefix>
</CommonPrefixes>
<CommonPrefixes>
<Prefix>CONUS/FLASH_HP_MAXUNITSTREAMFLOW_00.00/</Prefix>
</CommonPrefixes>
<CommonPrefixes>
<Prefix>CONUS/FLASH_QPE_ARI01H_00.00/</Prefix>
</CommonPrefixes>
<CommonPrefixes>
<Prefix>CONUS/FLASH_QPE_ARI03H_00.00/</Prefix>
</CommonPrefixes>
<CommonPrefixes>
<Prefix>CONUS/FLASH_QPE_ARI06H_00.00/</Prefix>
</CommonPrefixes>
<CommonPrefixes>
<Prefix>CONUS/FLASH_QPE_ARI12H_00.00/</Prefix>
</CommonPrefixes>
<CommonPrefixes>
<Prefix>CONUS/FLASH_QPE_ARI24H_00.00/</Prefix>
</CommonPrefixes>
<CommonPrefixes>
<Prefix>CONUS/FLASH_QPE_ARI30M_00.00/</Prefix>
</CommonPrefixes>
<CommonPrefixes>
<Prefix>CONUS/FLASH_QPE_ARIMAX_00.00/</Prefix>
</CommonPrefixes>
<CommonPrefixes>
<Prefix>CONUS/FLASH_QPE_FFG01H_00.00/</Prefix>
</CommonPrefixes>
<CommonPrefixes>
<Prefix>CONUS/FLASH_QPE_FFG03H_00.00/</Prefix>
</CommonPrefixes>
<CommonPrefixes>
<Prefix>CONUS/FLASH_QPE_FFG06H_00.00/</Prefix>
</CommonPrefixes>
<CommonPrefixes>
<Prefix>CONUS/FLASH_QPE_FFGMAX_00.00/</Prefix>
</CommonPrefixes>
<CommonPrefixes>
<Prefix>CONUS/FLASH_SAC_MAXSOILSAT_00.00/</Prefix>
</CommonPrefixes>
<CommonPrefixes>
<Prefix>CONUS/FLASH_SAC_MAXSTREAMFLOW_00.00/</Prefix>
</CommonPrefixes>
<CommonPrefixes>
<Prefix>CONUS/FLASH_SAC_MAXUNITSTREAMFLOW_00.00/</Prefix>
</CommonPrefixes>
<CommonPrefixes>
<Prefix>CONUS/GaugeInflIndex_01H_Pass1_00.00/</Prefix>
</CommonPrefixes>
<CommonPrefixes>
<Prefix>CONUS/GaugeInflIndex_01H_Pass2_00.00/</Prefix>
</CommonPrefixes>
<CommonPrefixes>
<Prefix>CONUS/GaugeInflIndex_03H_Pass1_00.00/</Prefix>
</CommonPrefixes>
<CommonPrefixes>
<Prefix>CONUS/GaugeInflIndex_03H_Pass2_00.00/</Prefix>
</CommonPrefixes>
<CommonPrefixes>
<Prefix>CONUS/GaugeInflIndex_06H_Pass1_00.00/</Prefix>
</CommonPrefixes>
<CommonPrefixes>
<Prefix>CONUS/GaugeInflIndex_06H_Pass2_00.00/</Prefix>
</CommonPrefixes>
<CommonPrefixes>
<Prefix>CONUS/GaugeInflIndex_12H_Pass1_00.00/</Prefix>
</CommonPrefixes>
<CommonPrefixes>
<Prefix>CONUS/GaugeInflIndex_12H_Pass2_00.00/</Prefix>
</CommonPrefixes>
<CommonPrefixes>
<Prefix>CONUS/GaugeInflIndex_24H_Pass1_00.00/</Prefix>
</CommonPrefixes>
<CommonPrefixes>
<Prefix>CONUS/GaugeInflIndex_24H_Pass2_00.00/</Prefix>
</CommonPrefixes>
<CommonPrefixes>
<Prefix>CONUS/GaugeInflIndex_48H_Pass1_00.00/</Prefix>
</CommonPrefixes>
<CommonPrefixes>
<Prefix>CONUS/GaugeInflIndex_48H_Pass2_00.00/</Prefix>
</CommonPrefixes>
<CommonPrefixes>
<Prefix>CONUS/GaugeInflIndex_72H_Pass1_00.00/</Prefix>
</CommonPrefixes>
<CommonPrefixes>
<Prefix>CONUS/GaugeInflIndex_72H_Pass2_00.00/</Prefix>
</CommonPrefixes>
<CommonPrefixes>
<Prefix>CONUS/H50_Above_-20C_00.50/</Prefix>
</CommonPrefixes>
<CommonPrefixes>
<Prefix>CONUS/H50_Above_0C_00.50/</Prefix>
</CommonPrefixes>
<CommonPrefixes>
<Prefix>CONUS/H60_Above_-20C_00.50/</Prefix>
</CommonPrefixes>
<CommonPrefixes>
<Prefix>CONUS/H60_Above_0C_00.50/</Prefix>
</CommonPrefixes>
<CommonPrefixes>
<Prefix>CONUS/HeightCompositeReflectivity_00.50/</Prefix>
</CommonPrefixes>
<CommonPrefixes>
<Prefix>CONUS/HeightLowLevelCompositeReflectivity_00.50/</Prefix>
</CommonPrefixes>
<CommonPrefixes>
<Prefix>CONUS/LVL3_HREET_00.50/</Prefix>
</CommonPrefixes>
<CommonPrefixes>
<Prefix>CONUS/LVL3_HighResVIL_00.50/</Prefix>
</CommonPrefixes>
<CommonPrefixes>
<Prefix>CONUS/LayerCompositeReflectivity_ANC_00.50/</Prefix>
</CommonPrefixes>
<CommonPrefixes>
<Prefix>CONUS/LayerCompositeReflectivity_High_00.50/</Prefix>
</CommonPrefixes>
<CommonPrefixes>
<Prefix>CONUS/LayerCompositeReflectivity_Low_00.50/</Prefix>
</CommonPrefixes>
<CommonPrefixes>
<Prefix>CONUS/LayerCompositeReflectivity_Super_00.50/</Prefix>
</CommonPrefixes>
<CommonPrefixes>
<Prefix>CONUS/LightningProbabilityNext30minGrid_scale_1/</Prefix>
</CommonPrefixes>
<CommonPrefixes>
<Prefix>CONUS/LightningProbabilityNext60minGrid_scale_1/</Prefix>
</CommonPrefixes>
<CommonPrefixes>
<Prefix>CONUS/LowLevelCompositeReflectivity_00.50/</Prefix>
</CommonPrefixes>
<CommonPrefixes>
<Prefix>CONUS/LtgJumpGrid_Max_005min_scale_1/</Prefix>
</CommonPrefixes>
<CommonPrefixes>
<Prefix>CONUS/LtgJumpGrid_scale_1/</Prefix>
</CommonPrefixes>
<CommonPrefixes>
<Prefix>CONUS/MESH_00.50/</Prefix>
</CommonPrefixes>
<CommonPrefixes>
<Prefix>CONUS/MESH_Max_120min_00.50/</Prefix>
</CommonPrefixes>
<CommonPrefixes>
<Prefix>CONUS/MESH_Max_1440min_00.50/</Prefix>
</CommonPrefixes>
<CommonPrefixes>
<Prefix>CONUS/MESH_Max_240min_00.50/</Prefix>
</CommonPrefixes>
<CommonPrefixes>
<Prefix>CONUS/MESH_Max_30min_00.50/</Prefix>
</CommonPrefixes>
<CommonPrefixes>
<Prefix>CONUS/MESH_Max_360min_00.50/</Prefix>
</CommonPrefixes>
<CommonPrefixes>
<Prefix>CONUS/MESH_Max_60min_00.50/</Prefix>
</CommonPrefixes>
<CommonPrefixes>
<Prefix>CONUS/MergedAzShear_0-2kmAGL_00.50/</Prefix>
</CommonPrefixes>
<CommonPrefixes>
<Prefix>CONUS/MergedAzShear_3-6kmAGL_00.50/</Prefix>
</CommonPrefixes>
<CommonPrefixes>
<Prefix>CONUS/MergedBaseReflectivityQC_00.50/</Prefix>
</CommonPrefixes>
<CommonPrefixes>
<Prefix>CONUS/MergedBaseReflectivity_00.50/</Prefix>
</CommonPrefixes>
<CommonPrefixes>
<Prefix>CONUS/MergedReflectivityAtLowestAltitude_00.50/</Prefix>
</CommonPrefixes>
<CommonPrefixes>
<Prefix>CONUS/MergedReflectivityComposite_00.50/</Prefix>
</CommonPrefixes>
<CommonPrefixes>
<Prefix>CONUS/MergedReflectivityQCComposite_00.50/</Prefix>
</CommonPrefixes>
<CommonPrefixes>
<Prefix>CONUS/MergedReflectivityQC_00.50/</Prefix>
</CommonPrefixes>
<CommonPrefixes>
<Prefix>CONUS/MergedReflectivityQC_00.75/</Prefix>
</CommonPrefixes>
<CommonPrefixes>
<Prefix>CONUS/MergedReflectivityQC_01.00/</Prefix>
</CommonPrefixes>
<CommonPrefixes>
<Prefix>CONUS/MergedReflectivityQC_01.25/</Prefix>
</CommonPrefixes>
<CommonPrefixes>
<Prefix>CONUS/MergedReflectivityQC_01.50/</Prefix>
</CommonPrefixes>
<CommonPrefixes>
<Prefix>CONUS/MergedReflectivityQC_01.75/</Prefix>
</CommonPrefixes>
<CommonPrefixes>
<Prefix>CONUS/MergedReflectivityQC_02.00/</Prefix>
</CommonPrefixes>
<CommonPrefixes>
<Prefix>CONUS/MergedReflectivityQC_02.25/</Prefix>
</CommonPrefixes>
<CommonPrefixes>
<Prefix>CONUS/MergedReflectivityQC_02.50/</Prefix>
</CommonPrefixes>
<CommonPrefixes>
<Prefix>CONUS/MergedReflectivityQC_02.75/</Prefix>
</CommonPrefixes>
<CommonPrefixes>
<Prefix>CONUS/MergedReflectivityQC_03.00/</Prefix>
</CommonPrefixes>
<CommonPrefixes>
<Prefix>CONUS/MergedReflectivityQC_03.50/</Prefix>
</CommonPrefixes>
<CommonPrefixes>
<Prefix>CONUS/MergedReflectivityQC_04.00/</Prefix>
</CommonPrefixes>
<CommonPrefixes>
<Prefix>CONUS/MergedReflectivityQC_04.50/</Prefix>
</CommonPrefixes>
<CommonPrefixes>
<Prefix>CONUS/MergedReflectivityQC_05.00/</Prefix>
</CommonPrefixes>
<CommonPrefixes>
<Prefix>CONUS/MergedReflectivityQC_05.50/</Prefix>
</CommonPrefixes>
<CommonPrefixes>
<Prefix>CONUS/MergedReflectivityQC_06.00/</Prefix>
</CommonPrefixes>
<CommonPrefixes>
<Prefix>CONUS/MergedReflectivityQC_06.50/</Prefix>
</CommonPrefixes>
<CommonPrefixes>
<Prefix>CONUS/MergedReflectivityQC_07.00/</Prefix>
</CommonPrefixes>
<CommonPrefixes>
<Prefix>CONUS/MergedReflectivityQC_07.50/</Prefix>
</CommonPrefixes>
<CommonPrefixes>
<Prefix>CONUS/MergedReflectivityQC_08.00/</Prefix>
</CommonPrefixes>
<CommonPrefixes>
<Prefix>CONUS/MergedReflectivityQC_08.50/</Prefix>
</CommonPrefixes>
<CommonPrefixes>
<Prefix>CONUS/MergedReflectivityQC_09.00/</Prefix>
</CommonPrefixes>
<CommonPrefixes>
<Prefix>CONUS/MergedReflectivityQC_10.00/</Prefix>
</CommonPrefixes>
<CommonPrefixes>
<Prefix>CONUS/MergedReflectivityQC_11.00/</Prefix>
</CommonPrefixes>
<CommonPrefixes>
<Prefix>CONUS/MergedReflectivityQC_12.00/</Prefix>
</CommonPrefixes>
<CommonPrefixes>
<Prefix>CONUS/MergedReflectivityQC_13.00/</Prefix>
</CommonPrefixes>
<CommonPrefixes>
<Prefix>CONUS/MergedReflectivityQC_14.00/</Prefix>
</CommonPrefixes>
<CommonPrefixes>
<Prefix>CONUS/MergedReflectivityQC_15.00/</Prefix>
</CommonPrefixes>
<CommonPrefixes>
<Prefix>CONUS/MergedReflectivityQC_16.00/</Prefix>
</CommonPrefixes>
<CommonPrefixes>
<Prefix>CONUS/MergedReflectivityQC_17.00/</Prefix>
</CommonPrefixes>
<CommonPrefixes>
<Prefix>CONUS/MergedReflectivityQC_18.00/</Prefix>
</CommonPrefixes>
<CommonPrefixes>
<Prefix>CONUS/MergedReflectivityQC_19.00/</Prefix>
</CommonPrefixes>
<CommonPrefixes>
<Prefix>CONUS/MergedReflectivityQComposite_00.50/</Prefix>
</CommonPrefixes>
<CommonPrefixes>
<Prefix>CONUS/MergedRhoHV_00.50/</Prefix>
</CommonPrefixes>
<CommonPrefixes>
<Prefix>CONUS/MergedRhoHV_00.75/</Prefix>
</CommonPrefixes>
<CommonPrefixes>
<Prefix>CONUS/MergedRhoHV_01.00/</Prefix>
</CommonPrefixes>
<CommonPrefixes>
<Prefix>CONUS/MergedRhoHV_01.25/</Prefix>
</CommonPrefixes>
<CommonPrefixes>
<Prefix>CONUS/MergedRhoHV_01.50/</Prefix>
</CommonPrefixes>
<CommonPrefixes>
<Prefix>CONUS/MergedRhoHV_01.75/</Prefix>
</CommonPrefixes>
<CommonPrefixes>
<Prefix>CONUS/MergedRhoHV_02.00/</Prefix>
</CommonPrefixes>
<CommonPrefixes>
<Prefix>CONUS/MergedRhoHV_02.25/</Prefix>
</CommonPrefixes>
<CommonPrefixes>
<Prefix>CONUS/MergedRhoHV_02.50/</Prefix>
</CommonPrefixes>
<CommonPrefixes>
<Prefix>CONUS/MergedRhoHV_02.75/</Prefix>
</CommonPrefixes>
<CommonPrefixes>
<Prefix>CONUS/MergedRhoHV_03.00/</Prefix>
</CommonPrefixes>
<CommonPrefixes>
<Prefix>CONUS/MergedRhoHV_03.50/</Prefix>
</CommonPrefixes>
<CommonPrefixes>
<Prefix>CONUS/MergedRhoHV_04.00/</Prefix>
</CommonPrefixes>
<CommonPrefixes>
<Prefix>CONUS/MergedRhoHV_04.50/</Prefix>
</CommonPrefixes>
<CommonPrefixes>
<Prefix>CONUS/MergedRhoHV_05.00/</Prefix>
</CommonPrefixes>
<CommonPrefixes>
<Prefix>CONUS/MergedRhoHV_05.50/</Prefix>
</CommonPrefixes>
<CommonPrefixes>
<Prefix>CONUS/MergedRhoHV_06.00/</Prefix>
</CommonPrefixes>
<CommonPrefixes>
<Prefix>CONUS/MergedRhoHV_06.50/</Prefix>
</CommonPrefixes>
<CommonPrefixes>
<Prefix>CONUS/MergedRhoHV_07.00/</Prefix>
</CommonPrefixes>
<CommonPrefixes>
<Prefix>CONUS/MergedRhoHV_07.50/</Prefix>
</CommonPrefixes>
<CommonPrefixes>
<Prefix>CONUS/MergedRhoHV_08.00/</Prefix>
</CommonPrefixes>
<CommonPrefixes>
<Prefix>CONUS/MergedRhoHV_08.50/</Prefix>
</CommonPrefixes>
<CommonPrefixes>
<Prefix>CONUS/MergedRhoHV_09.00/</Prefix>
</CommonPrefixes>
<CommonPrefixes>
<Prefix>CONUS/MergedRhoHV_10.00/</Prefix>
</CommonPrefixes>
<CommonPrefixes>
<Prefix>CONUS/MergedRhoHV_11.00/</Prefix>
</CommonPrefixes>
<CommonPrefixes>
<Prefix>CONUS/MergedRhoHV_12.00/</Prefix>
</CommonPrefixes>
<CommonPrefixes>
<Prefix>CONUS/MergedRhoHV_13.00/</Prefix>
</CommonPrefixes>
<CommonPrefixes>
<Prefix>CONUS/MergedRhoHV_14.00/</Prefix>
</CommonPrefixes>
<CommonPrefixes>
<Prefix>CONUS/MergedRhoHV_15.00/</Prefix>
</CommonPrefixes>
<CommonPrefixes>
<Prefix>CONUS/MergedRhoHV_16.00/</Prefix>
</CommonPrefixes>
<CommonPrefixes>
<Prefix>CONUS/MergedRhoHV_17.00/</Prefix>
</CommonPrefixes>
<CommonPrefixes>
<Prefix>CONUS/MergedRhoHV_18.00/</Prefix>
</CommonPrefixes>
<CommonPrefixes>
<Prefix>CONUS/MergedRhoHV_19.00/</Prefix>
</CommonPrefixes>
<CommonPrefixes>
<Prefix>CONUS/MergedZdr_00.50/</Prefix>
</CommonPrefixes>
<CommonPrefixes>
<Prefix>CONUS/MergedZdr_00.75/</Prefix>
</CommonPrefixes>
<CommonPrefixes>
<Prefix>CONUS/MergedZdr_01.00/</Prefix>
</CommonPrefixes>
<CommonPrefixes>
<Prefix>CONUS/MergedZdr_01.25/</Prefix>
</CommonPrefixes>
<CommonPrefixes>
<Prefix>CONUS/MergedZdr_01.50/</Prefix>
</CommonPrefixes>
<CommonPrefixes>
<Prefix>CONUS/MergedZdr_01.75/</Prefix>
</CommonPrefixes>
<CommonPrefixes>
<Prefix>CONUS/MergedZdr_02.00/</Prefix>
</CommonPrefixes>
<CommonPrefixes>
<Prefix>CONUS/MergedZdr_02.25/</Prefix>
</CommonPrefixes>
<CommonPrefixes>
<Prefix>CONUS/MergedZdr_02.50/</Prefix>
</CommonPrefixes>
<CommonPrefixes>
<Prefix>CONUS/MergedZdr_02.75/</Prefix>
</CommonPrefixes>
<CommonPrefixes>
<Prefix>CONUS/MergedZdr_03.00/</Prefix>
</CommonPrefixes>
<CommonPrefixes>
<Prefix>CONUS/MergedZdr_03.50/</Prefix>
</CommonPrefixes>
<CommonPrefixes>
<Prefix>CONUS/MergedZdr_04.00/</Prefix>
</CommonPrefixes>
<CommonPrefixes>
<Prefix>CONUS/MergedZdr_04.50/</Prefix>
</CommonPrefixes>
<CommonPrefixes>
<Prefix>CONUS/MergedZdr_05.00/</Prefix>
</CommonPrefixes>
<CommonPrefixes>
<Prefix>CONUS/MergedZdr_05.50/</Prefix>
</CommonPrefixes>
<CommonPrefixes>
<Prefix>CONUS/MergedZdr_06.00/</Prefix>
</CommonPrefixes>
<CommonPrefixes>
<Prefix>CONUS/MergedZdr_06.50/</Prefix>
</CommonPrefixes>
<CommonPrefixes>
<Prefix>CONUS/MergedZdr_07.00/</Prefix>
</CommonPrefixes>
<CommonPrefixes>
<Prefix>CONUS/MergedZdr_07.50/</Prefix>
</CommonPrefixes>
<CommonPrefixes>
<Prefix>CONUS/MergedZdr_08.00/</Prefix>
</CommonPrefixes>
<CommonPrefixes>
<Prefix>CONUS/MergedZdr_08.50/</Prefix>
</CommonPrefixes>
<CommonPrefixes>
<Prefix>CONUS/MergedZdr_09.00/</Prefix>
</CommonPrefixes>
<CommonPrefixes>
<Prefix>CONUS/MergedZdr_10.00/</Prefix>
</CommonPrefixes>
<CommonPrefixes>
<Prefix>CONUS/MergedZdr_11.00/</Prefix>
</CommonPrefixes>
<CommonPrefixes>
<Prefix>CONUS/MergedZdr_12.00/</Prefix>
</CommonPrefixes>
<CommonPrefixes>
<Prefix>CONUS/MergedZdr_13.00/</Prefix>
</CommonPrefixes>
<CommonPrefixes>
<Prefix>CONUS/MergedZdr_14.00/</Prefix>
</CommonPrefixes>
<CommonPrefixes>
<Prefix>CONUS/MergedZdr_15.00/</Prefix>
</CommonPrefixes>
<CommonPrefixes>
<Prefix>CONUS/MergedZdr_16.00/</Prefix>
</CommonPrefixes>
<CommonPrefixes>
<Prefix>CONUS/MergedZdr_17.00/</Prefix>
</CommonPrefixes>
<CommonPrefixes>
<Prefix>CONUS/MergedZdr_18.00/</Prefix>
</CommonPrefixes>
<CommonPrefixes>
<Prefix>CONUS/MergedZdr_19.00/</Prefix>
</CommonPrefixes>
<CommonPrefixes>
<Prefix>CONUS/Model_0degC_Height_00.50/</Prefix>
</CommonPrefixes>
<CommonPrefixes>
<Prefix>CONUS/Model_SurfaceTemp_00.50/</Prefix>
</CommonPrefixes>
<CommonPrefixes>
<Prefix>CONUS/Model_WetBulbTemp_00.50/</Prefix>
</CommonPrefixes>
<CommonPrefixes>
<Prefix>CONUS/MultiSensor_QPE_01H_Pass1_00.00/</Prefix>
</CommonPrefixes>
<CommonPrefixes>
<Prefix>CONUS/MultiSensor_QPE_01H_Pass2_00.00/</Prefix>
</CommonPrefixes>
<CommonPrefixes>
<Prefix>CONUS/MultiSensor_QPE_03H_Pass1_00.00/</Prefix>
</CommonPrefixes>
<CommonPrefixes>
<Prefix>CONUS/MultiSensor_QPE_03H_Pass2_00.00/</Prefix>
</CommonPrefixes>
<CommonPrefixes>
<Prefix>CONUS/MultiSensor_QPE_06H_Pass1_00.00/</Prefix>
</CommonPrefixes>
<CommonPrefixes>
<Prefix>CONUS/MultiSensor_QPE_06H_Pass2_00.00/</Prefix>
</CommonPrefixes>
<CommonPrefixes>
<Prefix>CONUS/MultiSensor_QPE_12H_Pass1_00.00/</Prefix>
</CommonPrefixes>
<CommonPrefixes>
<Prefix>CONUS/MultiSensor_QPE_12H_Pass2_00.00/</Prefix>
</CommonPrefixes>
<CommonPrefixes>
<Prefix>CONUS/MultiSensor_QPE_24H_Pass1_00.00/</Prefix>
</CommonPrefixes>
<CommonPrefixes>
<Prefix>CONUS/MultiSensor_QPE_24H_Pass2_00.00/</Prefix>
</CommonPrefixes>
<CommonPrefixes>
<Prefix>CONUS/MultiSensor_QPE_48H_Pass1_00.00/</Prefix>
</CommonPrefixes>
<CommonPrefixes>
<Prefix>CONUS/MultiSensor_QPE_48H_Pass2_00.00/</Prefix>
</CommonPrefixes>
<CommonPrefixes>
<Prefix>CONUS/MultiSensor_QPE_72H_Pass1_00.00/</Prefix>
</CommonPrefixes>
<CommonPrefixes>
<Prefix>CONUS/MultiSensor_QPE_72H_Pass2_00.00/</Prefix>
</CommonPrefixes>
<CommonPrefixes>
<Prefix>CONUS/NLDN_CG_001min_AvgDensity_00.00/</Prefix>
</CommonPrefixes>
<CommonPrefixes>
<Prefix>CONUS/NLDN_CG_005min_AvgDensity_00.00/</Prefix>
</CommonPrefixes>
<CommonPrefixes>
<Prefix>CONUS/NLDN_CG_015min_AvgDensity_00.00/</Prefix>
</CommonPrefixes>
<CommonPrefixes>
<Prefix>CONUS/NLDN_CG_030min_AvgDensity_00.00/</Prefix>
</CommonPrefixes>
<CommonPrefixes>
<Prefix>CONUS/POSH_00.50/</Prefix>
</CommonPrefixes>
<CommonPrefixes>
<Prefix>CONUS/PrecipFlag_00.00/</Prefix>
</CommonPrefixes>
<CommonPrefixes>
<Prefix>CONUS/PrecipRate_00.00/</Prefix>
</CommonPrefixes>
<CommonPrefixes>
<Prefix>CONUS/RadarAccumulationQualityIndex_01H_00.00/</Prefix>
</CommonPrefixes>
<CommonPrefixes>
<Prefix>CONUS/RadarAccumulationQualityIndex_03H_00.00/</Prefix>
</CommonPrefixes>
<CommonPrefixes>
<Prefix>CONUS/RadarAccumulationQualityIndex_06H_00.00/</Prefix>
</CommonPrefixes>
<CommonPrefixes>
<Prefix>CONUS/RadarAccumulationQualityIndex_12H_00.00/</Prefix>
</CommonPrefixes>
<CommonPrefixes>
<Prefix>CONUS/RadarAccumulationQualityIndex_24H_00.00/</Prefix>
</CommonPrefixes>
<CommonPrefixes>
<Prefix>CONUS/RadarAccumulationQualityIndex_48H_00.00/</Prefix>
</CommonPrefixes>
<CommonPrefixes>
<Prefix>CONUS/RadarAccumulationQualityIndex_72H_00.00/</Prefix>
</CommonPrefixes>
<CommonPrefixes>
<Prefix>CONUS/RadarOnly_QPE_01H_00.00/</Prefix>
</CommonPrefixes>
<CommonPrefixes>
<Prefix>CONUS/RadarOnly_QPE_03H_00.00/</Prefix>
</CommonPrefixes>
<CommonPrefixes>
<Prefix>CONUS/RadarOnly_QPE_06H_00.00/</Prefix>
</CommonPrefixes>
<CommonPrefixes>
<Prefix>CONUS/RadarOnly_QPE_12H_00.00/</Prefix>
</CommonPrefixes>
<CommonPrefixes>
<Prefix>CONUS/RadarOnly_QPE_15M_00.00/</Prefix>
</CommonPrefixes>
<CommonPrefixes>
<Prefix>CONUS/RadarOnly_QPE_24H_00.00/</Prefix>
</CommonPrefixes>
<CommonPrefixes>
<Prefix>CONUS/RadarOnly_QPE_48H_00.00/</Prefix>
</CommonPrefixes>
<CommonPrefixes>
<Prefix>CONUS/RadarOnly_QPE_72H_00.00/</Prefix>
</CommonPrefixes>
<CommonPrefixes>
<Prefix>CONUS/RadarOnly_QPE_Since12Z_00.00/</Prefix>
</CommonPrefixes>
<CommonPrefixes>
<Prefix>CONUS/RadarQualityIndex_00.00/</Prefix>
</CommonPrefixes>
<CommonPrefixes>
<Prefix>CONUS/ReflectivityAtLowestAltitude_00.50/</Prefix>
</CommonPrefixes>
<CommonPrefixes>
<Prefix>CONUS/Reflectivity_-10C_00.50/</Prefix>
</CommonPrefixes>
<CommonPrefixes>
<Prefix>CONUS/Reflectivity_-15C_00.50/</Prefix>
</CommonPrefixes>
<CommonPrefixes>
<Prefix>CONUS/Reflectivity_-20C_00.50/</Prefix>
</CommonPrefixes>
<CommonPrefixes>
<Prefix>CONUS/Reflectivity_-5C_00.50/</Prefix>
</CommonPrefixes>
<CommonPrefixes>
<Prefix>CONUS/Reflectivity_0C_00.50/</Prefix>
</CommonPrefixes>
<CommonPrefixes>
<Prefix>CONUS/RotationTrack120min_00.50/</Prefix>
</CommonPrefixes>
<CommonPrefixes>
<Prefix>CONUS/RotationTrack1440min_00.50/</Prefix>
</CommonPrefixes>
<CommonPrefixes>
<Prefix>CONUS/RotationTrack240min_00.50/</Prefix>
</CommonPrefixes>
<CommonPrefixes>
<Prefix>CONUS/RotationTrack30min_00.50/</Prefix>
</CommonPrefixes>
<CommonPrefixes>
<Prefix>CONUS/RotationTrack360min_00.50/</Prefix>
</CommonPrefixes>
<CommonPrefixes>
<Prefix>CONUS/RotationTrack60min_00.50/</Prefix>
</CommonPrefixes>
<CommonPrefixes>
<Prefix>CONUS/RotationTrackML120min_00.50/</Prefix>
</CommonPrefixes>
<CommonPrefixes>
<Prefix>CONUS/RotationTrackML1440min_00.50/</Prefix>
</CommonPrefixes>
<CommonPrefixes>
<Prefix>CONUS/RotationTrackML240min_00.50/</Prefix>
</CommonPrefixes>
<CommonPrefixes>
<Prefix>CONUS/RotationTrackML30min_00.50/</Prefix>
</CommonPrefixes>
<CommonPrefixes>
<Prefix>CONUS/RotationTrackML360min_00.50/</Prefix>
</CommonPrefixes>
<CommonPrefixes>
<Prefix>CONUS/RotationTrackML60min_00.50/</Prefix>
</CommonPrefixes>
<CommonPrefixes>
<Prefix>CONUS/SHI_00.50/</Prefix>
</CommonPrefixes>
<CommonPrefixes>
<Prefix>CONUS/SeamlessHSRHeight_00.00/</Prefix>
</CommonPrefixes>
<CommonPrefixes>
<Prefix>CONUS/SeamlessHSR_00.00/</Prefix>
</CommonPrefixes>
<CommonPrefixes>
<Prefix>CONUS/SyntheticPrecipRateID_00.00/</Prefix>
</CommonPrefixes>
<CommonPrefixes>
<Prefix>CONUS/VII_00.50/</Prefix>
</CommonPrefixes>
<CommonPrefixes>
<Prefix>CONUS/VIL_00.50/</Prefix>
</CommonPrefixes>
<CommonPrefixes>
<Prefix>CONUS/VIL_Density_00.50/</Prefix>
</CommonPrefixes>
<CommonPrefixes>
<Prefix>CONUS/VIL_Max_120min_00.50/</Prefix>
</CommonPrefixes>
<CommonPrefixes>
<Prefix>CONUS/VIL_Max_1440min_00.50/</Prefix>
</CommonPrefixes>
<CommonPrefixes>
<Prefix>CONUS/WarmRainProbability_00.50/</Prefix>
</CommonPrefixes>
</ListBucketResult>